epoch:,0,vrand:,0.8032489503375635,vinfo:,0.9357195727922345,loss,0.5394134292235742
epoch:,1,vrand:,0.7121570786061463,vinfo:,0.9271904716754367,loss,0.41014554179631746
epoch:,2,vrand:,0.7537427634286501,vinfo:,0.9321927742643557,loss,0.34278502601843613
epoch:,3,vrand:,0.7280204669206658,vinfo:,0.9253529937797632,loss,0.2961637308964363
epoch:,4,vrand:,0.8196330258452018,vinfo:,0.9509985262202554,loss,0.26112427505163044
epoch:,5,vrand:,0.8460090328472696,vinfo:,0.9493369099710737,loss,0.23705618771222922
epoch:,6,vrand:,0.817859345258128,vinfo:,0.9460127798069703,loss,0.22406845367871797
epoch:,7,vrand:,0.8974473773213612,vinfo:,0.9636279894259898,loss,0.21061333211568686
epoch:,8,vrand:,0.9209734556841729,vinfo:,0.9705075850238585,loss,0.20623550162865564
epoch:,9,vrand:,0.9150402649374577,vinfo:,0.9662140870498199,loss,0.19670526454081902
epoch:,10,vrand:,0.9367985560570684,vinfo:,0.9708477613527107,loss,0.19406826450274542
epoch:,11,vrand:,0.8484402692924489,vinfo:,0.9583389247779582,loss,0.18896996401823485
epoch:,12,vrand:,0.9205780761445614,vinfo:,0.9670024092783391,loss,0.18512709324176496
epoch:,13,vrand:,0.924390004990768,vinfo:,0.9687557861981659,loss,0.18340682295652536
epoch:,14,vrand:,0.9362068481155719,vinfo:,0.9709905066995109,loss,0.18034656689717218
epoch:,15,vrand:,0.960169445076654,vinfo:,0.9771508333639336,loss,0.17853345779272226
epoch:,16,vrand:,0.9143290510226066,vinfo:,0.9673928584268578,loss,0.1755019208559623
epoch:,17,vrand:,0.9479565093537652,vinfo:,0.9739603356570644,loss,0.17314522312237665
epoch:,18,vrand:,0.9363595342711524,vinfo:,0.9707339134718721,loss,0.1744360511119549
epoch:,19,vrand:,0.9528950355993262,vinfo:,0.9763922279605822,loss,0.17873454896303323
epoch:,20,vrand:,0.9455751147315004,vinfo:,0.9736914873076306,loss,0.18145423095959884
epoch:,21,vrand:,0.9153608550875963,vinfo:,0.9720809303842379,loss,0.16945043893960807
epoch:,22,vrand:,0.9444882062659662,vinfo:,0.9765883816035137,loss,0.162745768061051
epoch:,23,vrand:,0.9430451661830741,vinfo:,0.9763163365679361,loss,0.1572762097303684
epoch:,24,vrand:,0.8982592778593445,vinfo:,0.9655643352037211,loss,0.15405747752923232
epoch:,25,vrand:,0.8284900284342941,vinfo:,0.9525436069461921,loss,0.15191339300228998
epoch:,26,vrand:,0.8261162697447141,vinfo:,0.948403754382468,loss,0.1506809271298922
epoch:,27,vrand:,0.8740366521360338,vinfo:,0.9626725082187544,loss,0.15104234333221728
epoch:,28,vrand:,0.8593524988640079,vinfo:,0.9576875747582354,loss,0.14839992156395546
epoch:,29,vrand:,0.9164593463321076,vinfo:,0.969105389938791,loss,0.14815938587372118
epoch:,30,vrand:,0.8456571043645067,vinfo:,0.9578394692102729,loss,0.14182490740831083
epoch:,31,vrand:,0.8597080294725116,vinfo:,0.9603907852589539,loss,0.13885546303712404
epoch:,32,vrand:,0.9314144229212378,vinfo:,0.9705065631641927,loss,0.137903953400942
epoch:,33,vrand:,0.9367618980890873,vinfo:,0.9729738978929096,loss,0.13833624640336403
epoch:,34,vrand:,0.9477094358788761,vinfo:,0.9763728120525169,loss,0.135865497474487
epoch:,35,vrand:,0.9647844722010822,vinfo:,0.9813173018814176,loss,0.13248548427453408
epoch:,36,vrand:,0.9410852255542281,vinfo:,0.9776263564977832,loss,0.1306625954233683
epoch:,37,vrand:,0.9591356857964481,vinfo:,0.978837820233285,loss,0.12966550714694536
epoch:,38,vrand:,0.9521715520985767,vinfo:,0.9768014016990094,loss,0.12753870968635267
epoch:,39,vrand:,0.9549249855553669,vinfo:,0.9741506884143899,loss,0.12680362680783638
epoch:,0,vrand:,0.7916645572071437,vinfo:,0.9283657128812877,loss,0.4844910433659187
epoch:,1,vrand:,0.9058148875470288,vinfo:,0.9591712044520481,loss,0.39586368661660415
epoch:,2,vrand:,0.9326289031711317,vinfo:,0.9683656197997378,loss,0.3526900296027844
epoch:,3,vrand:,0.9335552049014797,vinfo:,0.9691984593616162,loss,0.3222780961256761
epoch:,4,vrand:,0.9467205149569164,vinfo:,0.9729355885817869,loss,0.29974608008678144
epoch:,5,vrand:,0.9331242617168112,vinfo:,0.9688696010939521,loss,0.2870618150784419
epoch:,6,vrand:,0.855360518905077,vinfo:,0.9591924805818234,loss,0.26826414236655605
epoch:,7,vrand:,0.9625033875710146,vinfo:,0.9774840621956196,loss,0.2544468526656811
epoch:,8,vrand:,0.9294649969477884,vinfo:,0.9715931019561219,loss,0.24013849405141977
epoch:,9,vrand:,0.9308240644231566,vinfo:,0.9725510647527127,loss,0.2256708683875891
epoch:,10,vrand:,0.9379800283807649,vinfo:,0.9739101611156084,loss,0.21361075341701508
epoch:,11,vrand:,0.9694104737382234,vinfo:,0.9814278427210554,loss,0.2087105753330084
epoch:,12,vrand:,0.8987682852592546,vinfo:,0.9680958596069793,loss,0.1982806771993637
epoch:,13,vrand:,0.9497644910767743,vinfo:,0.9750168317867096,loss,0.19363479774731857
epoch:,14,vrand:,0.9690790693615907,vinfo:,0.9779196909227557,loss,0.18563943872084984
epoch:,15,vrand:,0.9335920067877037,vinfo:,0.9735641038985234,loss,0.17921780393673822
epoch:,16,vrand:,0.8959531896743179,vinfo:,0.970504724115932,loss,0.17394787073135376
epoch:,17,vrand:,0.9614504173693182,vinfo:,0.9785583018228957,loss,0.16679910513070914
epoch:,18,vrand:,0.9380301801456875,vinfo:,0.9759593308295041,loss,0.16306871748887575
epoch:,19,vrand:,0.9140429148450387,vinfo:,0.970934675859881,loss,0.15903958219748277
epoch:,20,vrand:,0.8965006022032321,vinfo:,0.9693855299670215,loss,0.15783049624699813
epoch:,21,vrand:,0.9292625392142391,vinfo:,0.9698218392893118,loss,0.15176247633420503
epoch:,22,vrand:,0.9260889292702192,vinfo:,0.9731548281964658,loss,0.14457653577511126
epoch:,23,vrand:,0.9413501623156243,vinfo:,0.9731053932994852,loss,0.13685364448107207
epoch:,24,vrand:,0.9055070552476574,vinfo:,0.9665452592683799,loss,0.1336953817651822
epoch:,25,vrand:,0.9414862709657804,vinfo:,0.9741604951935965,loss,0.13189743573849017
epoch:,26,vrand:,0.9775257509783122,vinfo:,0.9813788955925963,loss,0.13187438822709596
epoch:,27,vrand:,0.9398544113264586,vinfo:,0.9759552638377695,loss,0.13051371391002947
epoch:,28,vrand:,0.9508254430510974,vinfo:,0.9776144496914736,loss,0.12489177343937066
epoch:,29,vrand:,0.9191476701011417,vinfo:,0.972279326907428,loss,0.12388631873405896
epoch:,30,vrand:,0.9060836134066121,vinfo:,0.9645703360962091,loss,0.12227166959872612
epoch:,31,vrand:,0.8983734948636302,vinfo:,0.9621242706823312,loss,0.11922363593028142
epoch:,32,vrand:,0.9524079942843573,vinfo:,0.9756862300772617,loss,0.11587106379178855
epoch:,33,vrand:,0.9443173114035852,vinfo:,0.9753220617642488,loss,0.11180820946510021
epoch:,34,vrand:,0.9610668246585364,vinfo:,0.9781288894079099,loss,0.11014675979430859
epoch:,35,vrand:,0.8893694180752647,vinfo:,0.9619846179099241,loss,0.10855636974939933
epoch:,36,vrand:,0.8804112086898963,vinfo:,0.9584973739752367,loss,0.10728502216247413
epoch:,37,vrand:,0.9580756277015091,vinfo:,0.9783156194912056,loss,0.10647799647771396
epoch:,38,vrand:,0.9548038850096867,vinfo:,0.974320203682556,loss,0.10347338250050178
epoch:,39,vrand:,0.9202506211601982,vinfo:,0.9730232799601881,loss,0.10177730998167625
batch_size,2,n_epoch,40,learning rate,0.002
epoch:,0,vrand:,0.5015253612682439,vinfo:,0.8316864752860932,loss,0.5179157165380625
epoch:,1,vrand:,0.5919242815353971,vinfo:,0.8884856986526591,loss,0.40753179559340846
epoch:,2,vrand:,0.7338424341472558,vinfo:,0.9308285715069511,loss,0.3459272270019238
epoch:,3,vrand:,0.8489803601243802,vinfo:,0.950111150791221,loss,0.30079191006146944
epoch:,4,vrand:,0.8652652343240161,vinfo:,0.9559550701151707,loss,0.27079450396391064
epoch:,5,vrand:,0.9343471281013036,vinfo:,0.9687794599246613,loss,0.24721411099800697
epoch:,6,vrand:,0.9170670958808851,vinfo:,0.9675408891354642,loss,0.2303964117398629
epoch:,7,vrand:,0.9464290590131327,vinfo:,0.9721261868834,loss,0.21940933282558733
epoch:,8,vrand:,0.9086419338082156,vinfo:,0.9663836921883883,loss,0.20760741027501914
epoch:,9,vrand:,0.9614731830320731,vinfo:,0.9756662335172323,loss,0.1996893470103924
epoch:,10,vrand:,0.9598941921817785,vinfo:,0.9760400574254209,loss,0.1960578365967824
epoch:,11,vrand:,0.9578122605834716,vinfo:,0.9746345563930235,loss,0.19135450743711913
epoch:,12,vrand:,0.971515561027633,vinfo:,0.9783762633319577,loss,0.18975181304491484
epoch:,13,vrand:,0.9557568155694295,vinfo:,0.975723708807295,loss,0.18414565576956823
epoch:,14,vrand:,0.9604845218124911,vinfo:,0.9760654114593071,loss,0.1799715837607017
epoch:,15,vrand:,0.9571649577723805,vinfo:,0.974723823357535,loss,0.17338123000585115
epoch:,16,vrand:,0.946556131131698,vinfo:,0.9719174765413714,loss,0.17197462343252623
epoch:,17,vrand:,0.9443338999664628,vinfo:,0.9750267245604872,loss,0.17090522211331588
epoch:,18,vrand:,0.9661443192912055,vinfo:,0.9802214974174026,loss,0.16881742500341856
epoch:,19,vrand:,0.9611467776072885,vinfo:,0.9755579205258351,loss,0.16862597603064317
epoch:,20,vrand:,0.8959181622202005,vinfo:,0.96694645618785,loss,0.1702522990795282
epoch:,21,vrand:,0.8470566415702482,vinfo:,0.9624279674459718,loss,0.16368097410752222
epoch:,22,vrand:,0.7831933974362096,vinfo:,0.9453336350976127,loss,0.1593794089097243
epoch:,23,vrand:,0.7147985091442681,vinfo:,0.9303587453507897,loss,0.15476909279823303
epoch:,24,vrand:,0.8950796930746066,vinfo:,0.9635312546125133,loss,0.1520379690023569
epoch:,25,vrand:,0.8975853002662781,vinfo:,0.967311590517584,loss,0.1465009324825727
epoch:,26,vrand:,0.8722540566179813,vinfo:,0.963699135364284,loss,0.14244897778217608
epoch:,27,vrand:,0.9460878190861889,vinfo:,0.9742923684557565,loss,0.13780499650881842
epoch:,28,vrand:,0.9161699752448287,vinfo:,0.9717231829034458,loss,0.13594726014595765
epoch:,29,vrand:,0.9618998170789738,vinfo:,0.9780638407973521,loss,0.13480935818873918
epoch:,30,vrand:,0.962796663232545,vinfo:,0.980035730026988,loss,0.13577571969765884
epoch:,31,vrand:,0.9642571311251832,vinfo:,0.9800361729899519,loss,0.13246911821457055
epoch:,32,vrand:,0.9646454156775404,vinfo:,0.9802107255296889,loss,0.13161307859879273
epoch:,33,vrand:,0.9584545913411503,vinfo:,0.9782950490226222,loss,0.1301515085192827
epoch:,34,vrand:,0.8042767881283457,vinfo:,0.9527346273667415,loss,0.13276762859179422
epoch:,35,vrand:,0.7900480322431387,vinfo:,0.9455739804862221,loss,0.13589398964093283
epoch:,36,vrand:,0.8806711373249507,vinfo:,0.9587147238863192,loss,0.13522078498051718
epoch:,37,vrand:,0.9254680143682256,vinfo:,0.9682595723530554,loss,0.12899020887338197
epoch:,38,vrand:,0.9205831999280308,vinfo:,0.9730155511763773,loss,0.12340812499706562
epoch:,39,vrand:,0.9100533908211119,vinfo:,0.9689448423605063,loss,0.12027723915301837
batch_size,2,n_epoch,40,learning rate,0.001
epoch:,0,vrand:,0.8153470128786807,vinfo:,0.9209750704059628,loss,0.5647390553584466
epoch:,1,vrand:,0.8530543950381242,vinfo:,0.940368066401381,loss,0.4435125383046957
epoch:,2,vrand:,0.8659990834196453,vinfo:,0.94900053504152,loss,0.3892349532017341
epoch:,3,vrand:,0.8913208702202535,vinfo:,0.9619210333754777,loss,0.3535491411502545
epoch:,4,vrand:,0.9156429553361705,vinfo:,0.9686961861838587,loss,0.3173293310862321
epoch:,5,vrand:,0.9471937778248828,vinfo:,0.971868680071894,loss,0.2894811057127439
epoch:,6,vrand:,0.9411228704266762,vinfo:,0.9725365997832933,loss,0.2742749544290396
epoch:,7,vrand:,0.9486195103311669,vinfo:,0.9722142485617458,loss,0.2535579720368752
epoch:,8,vrand:,0.9733087125315969,vinfo:,0.9763450402557071,loss,0.2444262275329003
epoch:,9,vrand:,0.9334792444507777,vinfo:,0.9741668519951123,loss,0.23498041240068582
epoch:,10,vrand:,0.950112244091607,vinfo:,0.9745045081588447,loss,0.22078916774346277
epoch:,11,vrand:,0.9164067259951463,vinfo:,0.9701448360835634,loss,0.21420547480766589
epoch:,12,vrand:,0.9724048466309106,vinfo:,0.9801351452389119,loss,0.20344510903725258
epoch:,13,vrand:,0.906711935469929,vinfo:,0.9712075579623723,loss,0.1950589853983659
epoch:,14,vrand:,0.9301616882933267,vinfo:,0.9702542040321381,loss,0.18591635616926047
epoch:,15,vrand:,0.9361056181483767,vinfo:,0.9721121138449584,loss,0.18028812798169944
epoch:,16,vrand:,0.9329207146897929,vinfo:,0.9718050137117593,loss,0.17454784993941969
epoch:,17,vrand:,0.948608113168319,vinfo:,0.9768427958837907,loss,0.16850233994997466
epoch:,18,vrand:,0.9543140800679216,vinfo:,0.9784813410090433,loss,0.16265091414634997
epoch:,19,vrand:,0.9125518390214042,vinfo:,0.9685772869942255,loss,0.15765113899340996
epoch:,20,vrand:,0.9230922232904646,vinfo:,0.9737770345887808,loss,0.15231649921490595
epoch:,21,vrand:,0.8548732575544367,vinfo:,0.9605745453251492,loss,0.152186237848722
epoch:,22,vrand:,0.8828731781039659,vinfo:,0.964272944450433,loss,0.15387952556976905
epoch:,23,vrand:,0.8508004642609635,vinfo:,0.9546469017671267,loss,0.14845974514117607
epoch:,24,vrand:,0.862918633409785,vinfo:,0.958144748894504,loss,0.14428429993299338
epoch:,25,vrand:,0.8506401120860592,vinfo:,0.9589603590826782,loss,0.14233510883954856
epoch:,26,vrand:,0.8626948242389718,vinfo:,0.9593651226593316,loss,0.13918914932471055
epoch:,27,vrand:,0.9126927833480781,vinfo:,0.9644318157449676,loss,0.13549686739077935
epoch:,28,vrand:,0.8737049272693824,vinfo:,0.9639910289915878,loss,0.1384901559123626
epoch:,29,vrand:,0.9283224526797549,vinfo:,0.9760344661887403,loss,0.130701709825259
epoch:,30,vrand:,0.9245920942989383,vinfo:,0.971781226449929,loss,0.12924637015049273
epoch:,31,vrand:,0.9049747974582669,vinfo:,0.9714059878468083,loss,0.13076461679660356
epoch:,32,vrand:,0.8687185341383609,vinfo:,0.9642579926005306,loss,0.12773192330048636
epoch:,33,vrand:,0.8840238988233263,vinfo:,0.9620354327053162,loss,0.1246346986064544
epoch:,34,vrand:,0.91975842957225,vinfo:,0.9688175259096742,loss,0.12183263668647179
epoch:,35,vrand:,0.8894834518443833,vinfo:,0.9677085117194103,loss,0.11589476408866736
epoch:,36,vrand:,0.8972192696395664,vinfo:,0.9690352817439143,loss,0.11287816384663948
epoch:,37,vrand:,0.8942141228396491,vinfo:,0.969281232967705,loss,0.1093860795864692
epoch:,38,vrand:,0.8981616408595041,vinfo:,0.9677268086694302,loss,0.10767450986000207
epoch:,39,vrand:,0.8977646423526183,vinfo:,0.9644864706602991,loss,0.10751657302563007
batch_size,2,n_epoch,40,learning rate,0.0001
epoch:,0,vrand:,0.8604094744723747,vinfo:,0.8978571070453505,loss,0.5964407301866091
epoch:,1,vrand:,0.9166730812122912,vinfo:,0.9553615591243467,loss,0.4660066274496225
epoch:,2,vrand:,0.9136579617755045,vinfo:,0.9578970921924294,loss,0.408809469296382
epoch:,3,vrand:,0.9196284929314856,vinfo:,0.9614492299141233,loss,0.3710414652641003
epoch:,4,vrand:,0.9053781504577442,vinfo:,0.9531796513514994,loss,0.3449578835414006
epoch:,5,vrand:,0.8544846816306537,vinfo:,0.9478713815082148,loss,0.3232131485755627
epoch:,6,vrand:,0.7050881381359096,vinfo:,0.9123490474063836,loss,0.30907286359713626
epoch:,7,vrand:,0.6649304475636809,vinfo:,0.9085960373891986,loss,0.2942829934450296
epoch:,8,vrand:,0.6820433738901626,vinfo:,0.9117343388446393,loss,0.2808227172264686
epoch:,9,vrand:,0.860625361549112,vinfo:,0.9554393825337325,loss,0.2702988156905541
epoch:,10,vrand:,0.8671572765955814,vinfo:,0.9616068712553967,loss,0.25641252673589265
epoch:,11,vrand:,0.8470060090204219,vinfo:,0.9529164913121428,loss,0.24667270252337822
epoch:,12,vrand:,0.7977782547911716,vinfo:,0.9349463802181157,loss,0.23445910100753492
epoch:,13,vrand:,0.8419639275820725,vinfo:,0.9538622586717811,loss,0.2223471185335746
epoch:,14,vrand:,0.8230701735692273,vinfo:,0.9517473754645772,loss,0.20849472284317017
epoch:,15,vrand:,0.8741616473560825,vinfo:,0.9572897298298336,loss,0.20313677764855897
epoch:,16,vrand:,0.8316073001316017,vinfo:,0.9473980828806908,loss,0.20326312230183527
epoch:,17,vrand:,0.8272849156861746,vinfo:,0.9540619440340246,loss,0.20760895655705378
epoch:,18,vrand:,0.831863391181605,vinfo:,0.9517910196599184,loss,0.2043514263171416
epoch:,19,vrand:,0.7952796468434965,vinfo:,0.9336281524974404,loss,0.2000042051076889
epoch:,20,vrand:,0.7959456427497548,vinfo:,0.9370357862323659,loss,0.21299612178252295
epoch:,21,vrand:,0.6967174928910435,vinfo:,0.9168467144157111,loss,0.20573179423809052
epoch:,22,vrand:,0.7767866055798825,vinfo:,0.9373459306976344,loss,0.20845422492577478
epoch:,23,vrand:,0.7816354299266688,vinfo:,0.9365195125720531,loss,0.18809145918259254
epoch:,24,vrand:,0.7594339038160338,vinfo:,0.9302901910370818,loss,0.16964905766340402
epoch:,25,vrand:,0.7626034743467778,vinfo:,0.9310182442783997,loss,0.15741338179661676
epoch:,26,vrand:,0.706945571371137,vinfo:,0.9248013079784961,loss,0.1534718286532622
epoch:,27,vrand:,0.7595574727913815,vinfo:,0.9286131303463631,loss,0.1488668998846641
batch_size,2,n_epoch,40,learning rate,0.0005
epoch:,0,vrand:,0.7636977335472742,vinfo:,0.9278319285211836,loss,0.5189605148938986
epoch:,1,vrand:,0.856540629031406,vinfo:,0.9478413732271992,loss,0.4035506317248711
epoch:,2,vrand:,0.9331509157040567,vinfo:,0.9619697951680928,loss,0.36105603667405933
epoch:,3,vrand:,0.9266780751096902,vinfo:,0.9669927509308159,loss,0.33610607798282915
epoch:,4,vrand:,0.9617815294810305,vinfo:,0.9752682401197779,loss,0.3115160304766435
epoch:,5,vrand:,0.9534584976344153,vinfo:,0.9734972125958368,loss,0.2903046424572284
epoch:,6,vrand:,0.8988932218719116,vinfo:,0.9636224785703664,loss,0.2727175240333264
epoch:,7,vrand:,0.9460645141612563,vinfo:,0.971721555927471,loss,0.2593452540727762
epoch:,8,vrand:,0.9050448680310856,vinfo:,0.963276585380026,loss,0.25065426528453827
epoch:,9,vrand:,0.8864190159293672,vinfo:,0.9623265060642995,loss,0.24383790676410383
epoch:,10,vrand:,0.9348531123752449,vinfo:,0.9748788181793872,loss,0.23164090170310095
epoch:,11,vrand:,0.9064944370390075,vinfo:,0.9696352866918992,loss,0.21620898063366228
epoch:,12,vrand:,0.9134705397085664,vinfo:,0.9732806024821068,loss,0.21107262487594897
epoch:,13,vrand:,0.9270785301448674,vinfo:,0.9729994570528808,loss,0.20270540049442878
epoch:,14,vrand:,0.9043652042755601,vinfo:,0.9693554216179978,loss,0.19010668534498948
epoch:,15,vrand:,0.8992306063345034,vinfo:,0.9696520194602183,loss,0.18074495861163506
epoch:,16,vrand:,0.8762879544832772,vinfo:,0.9667217438036377,loss,0.17515267317111677
epoch:,17,vrand:,0.8961811574352817,vinfo:,0.9673308689600859,loss,0.16591545939445496
epoch:,18,vrand:,0.9086058574345749,vinfo:,0.9698739653002623,loss,0.15816882711190444
epoch:,19,vrand:,0.8536664614154066,vinfo:,0.9618309476085818,loss,0.15342815678853255
epoch:,20,vrand:,0.8954359288308101,vinfo:,0.9698818897920318,loss,0.14854931028989646
epoch:,21,vrand:,0.86332926200982,vinfo:,0.9581459633424378,loss,0.1437188467154136
epoch:,22,vrand:,0.8780695921643534,vinfo:,0.9656015416346738,loss,0.14135955044856438
epoch:,23,vrand:,0.8329901710746167,vinfo:,0.9522195841973359,loss,0.13969958401643312
epoch:,24,vrand:,0.905295962399635,vinfo:,0.9692720046279065,loss,0.13912455852215105
epoch:,25,vrand:,0.9332302702381217,vinfo:,0.9746279060226508,loss,0.1327733792937719
epoch:,26,vrand:,0.9338980121853254,vinfo:,0.9747565307676856,loss,0.12493995691721256
epoch:,27,vrand:,0.8982165830051004,vinfo:,0.9719246744712542,loss,0.12446700896208103
epoch:,28,vrand:,0.93795933049192,vinfo:,0.9745789623674537,loss,0.1256297970047364
epoch:,29,vrand:,0.7344019973851875,vinfo:,0.9253728502345193,loss,0.11998318078426215
epoch:,30,vrand:,0.8303065310638831,vinfo:,0.9550283230120641,loss,0.11723860754416539
epoch:,31,vrand:,0.916030193410252,vinfo:,0.9750967020226436,loss,0.11055131543141145
epoch:,32,vrand:,0.892591194609904,vinfo:,0.9686634427516587,loss,0.10295820866639797
epoch:,33,vrand:,0.8271020251184206,vinfo:,0.9506950039905624,loss,0.10289758271895923
epoch:,34,vrand:,0.9450417587832733,vinfo:,0.9741740937388721,loss,0.10835279868199275
epoch:,35,vrand:,0.9378090808657735,vinfo:,0.9760640390186837,loss,0.10931680179559268
epoch:,36,vrand:,0.7579583909696777,vinfo:,0.9350842842276478,loss,0.10558584217841809
epoch:,37,vrand:,0.8842425971965293,vinfo:,0.9646438394740079,loss,0.10526177057853112
epoch:,38,vrand:,0.8789047967372504,vinfo:,0.9643648784564454,loss,0.10027793279060951
epoch:,39,vrand:,0.8468247359082073,vinfo:,0.962610144726936,loss,0.10064318317633408

batch_size,2,n_epoch,40,learning rate,0.002
epoch:,0,vrand:,0.8305129169863139,vinfo:,0.9313685446467076,loss,0.5126126316877512
epoch:,1,vrand:,0.620462282431772,vinfo:,0.9041654743330202,loss,0.40391792013094974
epoch:,2,vrand:,0.8344837228794828,vinfo:,0.9414751246892195,loss,0.34174013137817383
epoch:,3,vrand:,0.8953162746870824,vinfo:,0.9638738165475879,loss,0.3044380568541013
epoch:,4,vrand:,0.9182786624354703,vinfo:,0.9642857021911972,loss,0.2673832201040708
epoch:,5,vrand:,0.9475146978735427,vinfo:,0.9703147945157052,loss,0.24244626898031968
epoch:,6,vrand:,0.8647518321881915,vinfo:,0.9568787181439523,loss,0.2275448475892727
epoch:,7,vrand:,0.8423487384587054,vinfo:,0.946890430661149,loss,0.21415824844286993
epoch:,8,vrand:,0.9667167542083895,vinfo:,0.9771881132953872,loss,0.2066836551978038
epoch:,9,vrand:,0.9220907869244996,vinfo:,0.9633831349537424,loss,0.19982694204037005
epoch:,10,vrand:,0.9467787947600736,vinfo:,0.9722510240431467,loss,0.1968270609012017
epoch:,11,vrand:,0.9124058150427337,vinfo:,0.9666808355889748,loss,0.19114574216879332
epoch:,12,vrand:,0.9350609440807809,vinfo:,0.9726844792279794,loss,0.18844352891811958
epoch:,13,vrand:,0.9615880314585571,vinfo:,0.974463135548637,loss,0.18512341265495008
epoch:,14,vrand:,0.9488524531461214,vinfo:,0.9737900511557116,loss,0.18218188675550315
epoch:,15,vrand:,0.9262606891751014,vinfo:,0.9695556838684924,loss,0.18610763205931738
epoch:,16,vrand:,0.8543183280273652,vinfo:,0.9610513414418163,loss,0.18206974405508775
epoch:,17,vrand:,0.8690422324119875,vinfo:,0.9635161263597307,loss,0.17589991023907295
epoch:,18,vrand:,0.8145883833396284,vinfo:,0.9531125718048983,loss,0.16886795140229738
epoch:,19,vrand:,0.8619857378163271,vinfo:,0.9628452345521652,loss,0.1668584679181759
epoch:,20,vrand:,0.8671910213056799,vinfo:,0.9619441329448375,loss,0.15982672572135925
epoch:,21,vrand:,0.9011203434940309,vinfo:,0.9685631080907294,loss,0.15289272024081305
epoch:,22,vrand:,0.9655613486002534,vinfo:,0.9799009690085588,loss,0.15071478944558364
epoch:,23,vrand:,0.953633478040393,vinfo:,0.9777952122197894,loss,0.14668657458745515
epoch:,24,vrand:,0.9499199581874727,vinfo:,0.9772854168421814,loss,0.14409717344320738
epoch:,25,vrand:,0.947020356436207,vinfo:,0.9772014227251995,loss,0.1444766911176535
epoch:,26,vrand:,0.9432942934204777,vinfo:,0.9795252879303668,loss,0.14563526098544782
epoch:,27,vrand:,0.919458643183782,vinfo:,0.97323739015755,loss,0.14451872958586767
epoch:,28,vrand:,0.9195699498520462,vinfo:,0.971825074132879,loss,0.14075091251960167
epoch:,29,vrand:,0.8911613543238444,vinfo:,0.9643923228640947,loss,0.13556823879480362
epoch:,30,vrand:,0.8181250129305202,vinfo:,0.9528670566646233,loss,0.1341586382343219
epoch:,31,vrand:,0.8479761944748313,vinfo:,0.9595622514451454,loss,0.1326202119772251
epoch:,32,vrand:,0.9439517329500433,vinfo:,0.9744998361042526,loss,0.13174579407160097
epoch:,33,vrand:,0.9440630751286333,vinfo:,0.9740869975582213,loss,0.12805598687667114
epoch:,34,vrand:,0.9137499293774767,vinfo:,0.9698614218836582,loss,0.1293788621058831
epoch:,35,vrand:,0.9659676742826772,vinfo:,0.9787159387610742,loss,0.12845041717474276
epoch:,36,vrand:,0.9542688797166727,vinfo:,0.9775727875746719,loss,0.1281115785241127
epoch:,37,vrand:,0.882621304731472,vinfo:,0.9658159603655619,loss,0.12385507443776497
epoch:,38,vrand:,0.8789984528346816,vinfo:,0.964024891224371,loss,0.11918609302777511
epoch:,39,vrand:,0.8560453538775452,vinfo:,0.9599777442579512,loss,0.11743250833107875
batch_size,2,n_epoch,50,learning rate,0.0015
epoch:,0,vrand:,0.8278203029903782,vinfo:,0.9360055602935345,loss,0.4926762351622948
epoch:,1,vrand:,0.8786066274988457,vinfo:,0.9559337434216978,loss,0.39534406707837033
epoch:,2,vrand:,0.923581316268451,vinfo:,0.9660428183511225,loss,0.34032678604125977
epoch:,3,vrand:,0.8979647495112442,vinfo:,0.9632895633071372,loss,0.301759829887977
epoch:,4,vrand:,0.9517835339722829,vinfo:,0.9744738375149531,loss,0.27146877119174373
epoch:,5,vrand:,0.9523721079517674,vinfo:,0.9724715418504364,loss,0.2527910127089574
epoch:,6,vrand:,0.9679744656166374,vinfo:,0.9790927016268188,loss,0.2379522633094054
epoch:,7,vrand:,0.9512819267044896,vinfo:,0.9735562825464303,loss,0.2235929908660742
epoch:,8,vrand:,0.9635223879894033,vinfo:,0.9764589602223277,loss,0.21146875276015356
epoch:,9,vrand:,0.9345627996162224,vinfo:,0.9686864229157826,loss,0.2045285552740097
epoch:,10,vrand:,0.9669274056107404,vinfo:,0.9789599623414137,loss,0.20061482259860405
epoch:,11,vrand:,0.9277420335715192,vinfo:,0.9735985661861699,loss,0.19160944681901199
epoch:,12,vrand:,0.92220236138348,vinfo:,0.9692513334196283,loss,0.18964570072981027
epoch:,13,vrand:,0.9456103185221268,vinfo:,0.9757267774203082,loss,0.18814940750598907
epoch:,14,vrand:,0.9415547727055312,vinfo:,0.9726642875860362,loss,0.18808994041039392
epoch:,15,vrand:,0.8977221393398876,vinfo:,0.9673818011771452,loss,0.17706273725399604
epoch:,16,vrand:,0.9433635658572266,vinfo:,0.9745303924235126,loss,0.17111067817761347
epoch:,17,vrand:,0.9636112112710995,vinfo:,0.9811813567135339,loss,0.16586674749851227
epoch:,18,vrand:,0.9437843293873561,vinfo:,0.9769096473522106,loss,0.1598422286602167
epoch:,19,vrand:,0.9452637198424151,vinfo:,0.976762930162009,loss,0.15651028202130243
epoch:,20,vrand:,0.9615244424320833,vinfo:,0.9814859090684479,loss,0.1518834439607767
epoch:,21,vrand:,0.9539367121203342,vinfo:,0.9773191011896613,loss,0.1478112878707739
epoch:,22,vrand:,0.9578741395970644,vinfo:,0.9792973734809826,loss,0.14352120115206793
epoch:,23,vrand:,0.9779031661020199,vinfo:,0.9816945171353156,loss,0.14201445533679083
epoch:,24,vrand:,0.9517992755243945,vinfo:,0.9779067698746473,loss,0.14004168602136466
epoch:,25,vrand:,0.9742147816904755,vinfo:,0.9810661134075402,loss,0.13848908761372933
epoch:,26,vrand:,0.9407997842065082,vinfo:,0.9751174349740657,loss,0.1336922817505323
epoch:,27,vrand:,0.9495290523053483,vinfo:,0.9776751499439003,loss,0.13354839040682867
epoch:,28,vrand:,0.9095766068009169,vinfo:,0.9739383296835488,loss,0.13452359575491685
epoch:,29,vrand:,0.9308473931360645,vinfo:,0.9712844947769916,loss,0.13634589601021546
epoch:,30,vrand:,0.8998414230931571,vinfo:,0.9695800552133486,loss,0.1339138368001351
epoch:,31,vrand:,0.9413724116861923,vinfo:,0.9751764410636593,loss,0.1317292830118766
epoch:,32,vrand:,0.9038080716695471,vinfo:,0.9691838648741008,loss,0.1299561743552868
epoch:,33,vrand:,0.9691760872318163,vinfo:,0.9793766538834614,loss,0.12916170920316988
epoch:,34,vrand:,0.9431888395852084,vinfo:,0.9769613361587819,loss,0.12972938555937547
epoch:,35,vrand:,0.9547606049906776,vinfo:,0.9791401559764576,loss,0.12609363633852738
epoch:,36,vrand:,0.9650193456842191,vinfo:,0.9819297158357866,loss,0.1231114835693286
epoch:,37,vrand:,0.9677415751121987,vinfo:,0.9800704199586174,loss,0.12128371057602075
epoch:,38,vrand:,0.9732025471697773,vinfo:,0.9815082470721217,loss,0.11799667661006634
epoch:,39,vrand:,0.8910500517313068,vinfo:,0.9614236241889047,loss,0.1159518974331709
epoch:,40,vrand:,0.8957683902162064,vinfo:,0.9679276781864088,loss,0.1166657513150802
epoch:,41,vrand:,0.9492909094924299,vinfo:,0.9751330583436367,loss,0.11322636673083672
epoch:,42,vrand:,0.951576339697672,vinfo:,0.9772313612848006,loss,0.11168232961342885
epoch:,43,vrand:,0.9577892148754193,vinfo:,0.980314822856549,loss,0.1098021400662569
epoch:,44,vrand:,0.9636298286428302,vinfo:,0.9789035559950646,loss,0.10874369453925353
epoch:,45,vrand:,0.9486984945841221,vinfo:,0.9757984494550369,loss,0.10642148955510213
epoch:,46,vrand:,0.9524089560127796,vinfo:,0.9743829207093098,loss,0.09978056355164601
epoch:,47,vrand:,0.9490393094727292,vinfo:,0.9727739287165518,loss,0.09316224547532889
epoch:,48,vrand:,0.9620360806918102,vinfo:,0.9789186967154281,loss,0.09308911401491898
epoch:,49,vrand:,0.9388789377263722,vinfo:,0.9747565132357414,loss,0.0982507593356646
batch_size,2,n_epoch,50,learning rate,0.001
epoch:,0,vrand:,0.8323621624752082,vinfo:,0.9258236409300011,loss,0.5057804561578311
epoch:,1,vrand:,0.8908157312191921,vinfo:,0.9620932311216762,loss,0.3924801487189073
epoch:,2,vrand:,0.8994574084131786,vinfo:,0.950592573729067,loss,0.34766579820559573
epoch:,3,vrand:,0.8728575364207527,vinfo:,0.9504836310776623,loss,0.31582807348324704
epoch:,4,vrand:,0.9705075113987295,vinfo:,0.9731078284443064,loss,0.2939651791866009
epoch:,5,vrand:,0.960173524526706,vinfo:,0.9751267029612922,loss,0.274617259319012
epoch:,6,vrand:,0.9310977601020003,vinfo:,0.9670013433853866,loss,0.2571160105558542
epoch:,7,vrand:,0.9368693376463512,vinfo:,0.9730566206802106,loss,0.24289125662583572
epoch:,8,vrand:,0.948982052323105,vinfo:,0.978323192038774,loss,0.2296120558793728
epoch:,9,vrand:,0.8935001438422863,vinfo:,0.964725035251857,loss,0.2147397261399489
epoch:,10,vrand:,0.972499432204032,vinfo:,0.9813798056162419,loss,0.20624255331662986
epoch:,11,vrand:,0.942875995921695,vinfo:,0.9720609836027858,loss,0.19253525481774256
epoch:,12,vrand:,0.9158583735598465,vinfo:,0.9740400029365706,loss,0.18259308544489053
epoch:,13,vrand:,0.9420834493723902,vinfo:,0.9760517571489211,loss,0.17905977024481848
epoch:,14,vrand:,0.8752091880463084,vinfo:,0.9659365299300686,loss,0.17455493028347308
epoch:,15,vrand:,0.9060188409775028,vinfo:,0.964619509829876,loss,0.17006240097376016
epoch:,16,vrand:,0.9274270505668655,vinfo:,0.9686542099999615,loss,0.1648612102636924
epoch:,17,vrand:,0.830139188297687,vinfo:,0.9534060605079233,loss,0.15907919521515185
epoch:,18,vrand:,0.9009532030931113,vinfo:,0.9633484653373996,loss,0.16074780317453238
epoch:,19,vrand:,0.9451887728783334,vinfo:,0.9742299017835491,loss,0.15730703335541946
epoch:,20,vrand:,0.9256526603025987,vinfo:,0.9720199831820618,loss,0.15336523950099945
epoch:,21,vrand:,0.9785726100304484,vinfo:,0.981579791995982,loss,0.14874608585467705
epoch:,22,vrand:,0.9533119751204218,vinfo:,0.9769841760164398,loss,0.1429973989725113
epoch:,23,vrand:,0.9773256025955886,vinfo:,0.9813698405901279,loss,0.1363173471047328
epoch:,24,vrand:,0.9544610881144123,vinfo:,0.9790026062006163,loss,0.13575827101102242
epoch:,25,vrand:,0.9447551922306804,vinfo:,0.976268087102382,loss,0.13329738837022048
epoch:,26,vrand:,0.9250824848168129,vinfo:,0.9698759689888072,loss,0.13205931221063322
epoch:,27,vrand:,0.9411610664087752,vinfo:,0.9734283518031196,loss,0.13206049112173227
epoch:,28,vrand:,0.9338275669927064,vinfo:,0.9698242672117641,loss,0.1257731421635701
epoch:,29,vrand:,0.8950712581144483,vinfo:,0.9585883316170486,loss,0.12159786488001163
epoch:,30,vrand:,0.9357962985342653,vinfo:,0.9679585805713848,loss,0.12172202364756511
epoch:,31,vrand:,0.9695917761911078,vinfo:,0.9784960417253952,loss,0.12229714599939492
epoch:,32,vrand:,0.9745532090970036,vinfo:,0.9819669074933361,loss,0.12348165592321983
epoch:,33,vrand:,0.9452907898676768,vinfo:,0.9750678089218955,loss,0.11997850010028252
epoch:,34,vrand:,0.9702719881035529,vinfo:,0.9787225692195193,loss,0.11542231876116532
epoch:,35,vrand:,0.9242043027597369,vinfo:,0.9650678241659714,loss,0.11057054939178321
epoch:,36,vrand:,0.9194540275244588,vinfo:,0.968462995181752,loss,0.10885907824222858
epoch:,37,vrand:,0.9696012381280645,vinfo:,0.9817898121727298,loss,0.10511249934251492
epoch:,38,vrand:,0.953585125237877,vinfo:,0.9767298578459356,loss,0.102719328724421
epoch:,39,vrand:,0.9051800207486032,vinfo:,0.9682974770977122,loss,0.10659320709797052
epoch:,40,vrand:,0.9360424721292544,vinfo:,0.9672737432313548,loss,0.1053321986244275
epoch:,41,vrand:,0.9527442396513928,vinfo:,0.9745797013673678,loss,0.10057777452927369
epoch:,42,vrand:,0.9495420385469979,vinfo:,0.97569617378259,loss,0.100162984086917
epoch:,43,vrand:,0.9429424430106315,vinfo:,0.9710559401731169,loss,0.10204524317613015
epoch:,44,vrand:,0.9485742814277878,vinfo:,0.9739993635087227,loss,0.11387344965567955
epoch:,45,vrand:,0.9091881768703864,vinfo:,0.9660739082452785,loss,0.10787058163147706
epoch:,46,vrand:,0.8933984534046452,vinfo:,0.9640568376837152,loss,0.10825393005059315
epoch:,47,vrand:,0.9431660413102696,vinfo:,0.9713505922908329,loss,0.11180223238009673
epoch:,48,vrand:,0.8470530196472129,vinfo:,0.9546147024632979,loss,0.11757590163212556
epoch:,49,vrand:,0.9600805165804773,vinfo:,0.9795508265698116,loss,0.12322031076137836
batch_size,2,n_epoch,50,learning rate,0.0007
epoch:,0,vrand:,0.898270750257308,vinfo:,0.9418001761859017,loss,0.5425254473319421
epoch:,1,vrand:,0.9234925089817757,vinfo:,0.9597991569326171,loss,0.42293643263670117
epoch:,2,vrand:,0.9289216614237914,vinfo:,0.9594029901737697,loss,0.3787471170608814
epoch:,3,vrand:,0.915428735673351,vinfo:,0.9629300284953632,loss,0.3447873775775616
epoch:,4,vrand:,0.9521960439425545,vinfo:,0.9741576201232762,loss,0.32094839903024525
epoch:,5,vrand:,0.8976548691791741,vinfo:,0.9604641197735055,loss,0.29748761653900146
epoch:,6,vrand:,0.9430290282938225,vinfo:,0.9718950625149232,loss,0.2830831316801218
epoch:,7,vrand:,0.9632917473684903,vinfo:,0.9773025936703483,loss,0.2610704474724256
epoch:,8,vrand:,0.9393267375957717,vinfo:,0.9727875525063977,loss,0.24783798708365515
epoch:,9,vrand:,0.8507819039331425,vinfo:,0.9574339043164851,loss,0.2381844279857782
epoch:,10,vrand:,0.907056303740063,vinfo:,0.9704133025874269,loss,0.2247401773929596
epoch:,11,vrand:,0.9311157192262172,vinfo:,0.9740286714527432,loss,0.21199719837078682
epoch:,12,vrand:,0.9583246680531863,vinfo:,0.9787689385636043,loss,0.2021336807654454
epoch:,13,vrand:,0.9375331679984775,vinfo:,0.9717784191382645,loss,0.19589518125240618
epoch:,14,vrand:,0.9673510610470324,vinfo:,0.9801786175024635,loss,0.19276844882048094
epoch:,15,vrand:,0.8878115352245505,vinfo:,0.9635400392113829,loss,0.1848185440668693
epoch:,16,vrand:,0.9492445269490555,vinfo:,0.9756171387807455,loss,0.1795451962030851
epoch:,17,vrand:,0.9217271341365759,vinfo:,0.9671661776523285,loss,0.16976016301375169
epoch:,18,vrand:,0.8718392640598426,vinfo:,0.9628019825577445,loss,0.16407317152390113
epoch:,19,vrand:,0.8672133390072065,vinfo:,0.9623302892884504,loss,0.15612919743244463
epoch:,20,vrand:,0.956374365151258,vinfo:,0.976382819435187,loss,0.15060607630472916
epoch:,21,vrand:,0.9405194601777336,vinfo:,0.9769154270270143,loss,0.1499693519794024
epoch:,22,vrand:,0.9431397226852724,vinfo:,0.9748891359887768,loss,0.14789352279443008
epoch:,23,vrand:,0.9273463843302171,vinfo:,0.9744604514538959,loss,0.14366723138552445
epoch:,24,vrand:,0.8733442942325558,vinfo:,0.9618464795713553,loss,0.13686348039370316
epoch:,25,vrand:,0.8551195255469004,vinfo:,0.9593764353294875,loss,0.133382648229599
epoch:,26,vrand:,0.9222838251058377,vinfo:,0.972107734359847,loss,0.13135269685433462
epoch:,27,vrand:,0.9345546229689526,vinfo:,0.9736581308320412,loss,0.1372923724926435
epoch:,28,vrand:,0.8743919241953835,vinfo:,0.9652434415904739,loss,0.1445705615557157
epoch:,29,vrand:,0.8533619043530658,vinfo:,0.9609107842066138,loss,0.12894835953529066
epoch:,30,vrand:,0.9216938264614258,vinfo:,0.9709952147685781,loss,0.11904334047665963
epoch:,31,vrand:,0.9385276745176604,vinfo:,0.9754924153751057,loss,0.1139738536798037
epoch:,32,vrand:,0.8810938352059232,vinfo:,0.9648425415709404,loss,0.1102259153356919
epoch:,33,vrand:,0.8562208906335803,vinfo:,0.9588182972617918,loss,0.11239211203960273
epoch:,34,vrand:,0.9262734560799917,vinfo:,0.9714622263183367,loss,0.11178443294305068
epoch:,35,vrand:,0.8848743908416882,vinfo:,0.9670051314678986,loss,0.1109020343193641
epoch:,36,vrand:,0.9463471523032009,vinfo:,0.9752180449421811,loss,0.10588593895618732
epoch:,37,vrand:,0.8677249993804128,vinfo:,0.965148450212693,loss,0.1053424678169764
epoch:,38,vrand:,0.8648368376795244,vinfo:,0.9621397197159338,loss,0.10912138739457497
epoch:,39,vrand:,0.8827379202832958,vinfo:,0.9582023089631889,loss,0.1105247879257569
epoch:,40,vrand:,0.8974637154271911,vinfo:,0.9691509875323714,loss,0.10642482798833114
epoch:,41,vrand:,0.9718130388091113,vinfo:,0.9788043166329145,loss,0.10467399140963188
epoch:,42,vrand:,0.9108307849986638,vinfo:,0.970736368662175,loss,0.10618432152729768
epoch:,43,vrand:,0.8685780196017708,vinfo:,0.9572675425105841,loss,0.10598528041289403
epoch:,44,vrand:,0.9031681285479607,vinfo:,0.9699860487189248,loss,0.10253897194678967
epoch:,45,vrand:,0.8772735515190797,vinfo:,0.9654102783619075,loss,0.1081277819780203
epoch:,46,vrand:,0.7526293622343506,vinfo:,0.9306973434688885,loss,0.11333571431728509
epoch:,47,vrand:,0.8245349776323371,vinfo:,0.951418214135523,loss,0.13142973299209887
epoch:,48,vrand:,0.9099217549700679,vinfo:,0.9661842784533425,loss,0.12716591300872657
epoch:,49,vrand:,0.8758103401639629,vinfo:,0.962764766054686,loss,0.10538143206101197
batch_size,2,n_epoch,50,learning rate,0.003
epoch:,0,vrand:,0.5674588905497044,vinfo:,0.8797355782102535,loss,0.4766183587220999
epoch:,1,vrand:,0.5055575588736125,vinfo:,0.8665366438422237,loss,0.36683555062000567
epoch:,2,vrand:,0.5907260271973069,vinfo:,0.8823726519179351,loss,0.3090361746457907
epoch:,3,vrand:,0.718929565350104,vinfo:,0.918679239079793,loss,0.2739659811441715
epoch:,4,vrand:,0.8580765546393835,vinfo:,0.9529051947556407,loss,0.2485160965185899
epoch:,5,vrand:,0.9028248336378104,vinfo:,0.960667675441556,loss,0.2268858918776879
epoch:,6,vrand:,0.938114593159278,vinfo:,0.9708441187378736,loss,0.21640021411272195
epoch:,7,vrand:,0.9209627032211083,vinfo:,0.9639518137468501,loss,0.20850357986413515
epoch:,8,vrand:,0.8566239828143025,vinfo:,0.9528421625766741,loss,0.2039413314599257
epoch:,9,vrand:,0.9025088403523036,vinfo:,0.9562105010617316,loss,0.19867621591457954
epoch:,10,vrand:,0.911347964487376,vinfo:,0.9689183712784771,loss,0.20369092317727897
epoch:,11,vrand:,0.9159634038668184,vinfo:,0.9705335406771962,loss,0.19500231742858887
epoch:,12,vrand:,0.851391802260556,vinfo:,0.9556860154352416,loss,0.18631374148222116
epoch:,13,vrand:,0.8797255379606883,vinfo:,0.9583382614777299,loss,0.1829748933131878
epoch:,14,vrand:,0.8798258761828863,vinfo:,0.9607275061346104,loss,0.1831009342120244
epoch:,15,vrand:,0.928006949300808,vinfo:,0.970632224625964,loss,0.18009561873399293
epoch:,16,vrand:,0.8358066895669156,vinfo:,0.9458705599450786,loss,0.17434466229035303
epoch:,17,vrand:,0.8958221951492444,vinfo:,0.9613948499932536,loss,0.17513348620671493
epoch:,18,vrand:,0.9347156813803711,vinfo:,0.9734482880242912,loss,0.18048995504012474
epoch:,19,vrand:,0.8610744075282986,vinfo:,0.9546067473265282,loss,0.17476898661026588
epoch:,20,vrand:,0.8378839657554362,vinfo:,0.9556008214562665,loss,0.1702587386736503
epoch:,21,vrand:,0.940950615596608,vinfo:,0.9741220968874726,loss,0.16620700634442842
epoch:,22,vrand:,0.9177914728979568,vinfo:,0.968935307192211,loss,0.16023151461894697
epoch:,23,vrand:,0.8276827484648551,vinfo:,0.9543918490266788,loss,0.1566982796558967
epoch:,24,vrand:,0.8376544995723695,vinfo:,0.9515629842023001,loss,0.15652129971064055
epoch:,25,vrand:,0.8765737218226116,vinfo:,0.9566222135058547,loss,0.15148695500997397
epoch:,26,vrand:,0.8087512827461767,vinfo:,0.941147511882112,loss,0.1501955882861064
epoch:,27,vrand:,0.7289330485896387,vinfo:,0.9311973373261951,loss,0.14864784823014185
epoch:,28,vrand:,0.8376639164895414,vinfo:,0.9532733725685258,loss,0.1465326536160249
epoch:,29,vrand:,0.7211964348752259,vinfo:,0.9318718662411278,loss,0.14645118323656228
epoch:,30,vrand:,0.930108173245191,vinfo:,0.9736528926108935,loss,0.14683516323566437
epoch:,31,vrand:,0.8391529391444598,vinfo:,0.9573351225773769,loss,0.14511800270814162
epoch:,32,vrand:,0.9166017890398216,vinfo:,0.9732454829553616,loss,0.1434301739701858
epoch:,33,vrand:,0.9429753643163572,vinfo:,0.9766158474248352,loss,0.14436404865521651
epoch:,34,vrand:,0.9115182663085577,vinfo:,0.9699697041924541,loss,0.13915239561062592
epoch:,35,vrand:,0.9657350448046496,vinfo:,0.9804281194892622,loss,0.13604483237633339
epoch:,36,vrand:,0.9049687348372084,vinfo:,0.9676195155202402,loss,0.13402640590300927
epoch:,37,vrand:,0.9381303443627671,vinfo:,0.974261052711023,loss,0.13483912153885916
epoch:,38,vrand:,0.881016515762769,vinfo:,0.9668701454057416,loss,0.13315241038799286
epoch:,39,vrand:,0.821974824439373,vinfo:,0.9557850870316695,loss,0.12762678070710257
epoch:,40,vrand:,0.9025504891846058,vinfo:,0.9686701167169582,loss,0.12416380185347337
epoch:,41,vrand:,0.8892705394909379,vinfo:,0.9633896050309751,loss,0.1222950300345054
epoch:,42,vrand:,0.9071569764339454,vinfo:,0.969978339642747,loss,0.11969807170904599
epoch:,43,vrand:,0.871363049556552,vinfo:,0.9613824440933051,loss,0.12080051520696053
epoch:,44,vrand:,0.8534357629302827,vinfo:,0.9605012967930721,loss,0.12231725855515553
epoch:,45,vrand:,0.9579310586159775,vinfo:,0.9796095396972595,loss,0.12190525233745575
epoch:,46,vrand:,0.9183993797016312,vinfo:,0.9700670785850634,loss,0.12149031804158138
epoch:,47,vrand:,0.9300376515403327,vinfo:,0.9738705933992662,loss,0.12106615362259057
epoch:,48,vrand:,0.8958631144608493,vinfo:,0.9697259388114464,loss,0.1222970995765466
epoch:,49,vrand:,0.7664022187390066,vinfo:,0.94129774753218,loss,0.12363153180250755
batch_size,2,n_epoch,50,learning rate,0.001
epoch:,0,vrand:,0.8150053040536139,vinfo:,0.9204579014629191,loss,0.4963981876006493
epoch:,1,vrand:,0.8473586798622585,vinfo:,0.9547847128554364,loss,0.38986736536026
epoch:,2,vrand:,0.9085511519309911,vinfo:,0.9674794301081766,loss,0.3388144052945651
epoch:,3,vrand:,0.9340627129106929,vinfo:,0.9712529388552715,loss,0.3074248180939601
epoch:,4,vrand:,0.9215326686939196,vinfo:,0.969028217406174,loss,0.28717918808643633
epoch:,5,vrand:,0.9624048734091282,vinfo:,0.9749188781604182,loss,0.26011062126893264
epoch:,6,vrand:,0.9398162434384254,vinfo:,0.974312955010447,loss,0.2466906996873709
epoch:,7,vrand:,0.9404489551576427,vinfo:,0.9732123907352539,loss,0.23461194107165703
epoch:,8,vrand:,0.961118555065951,vinfo:,0.9762332240893686,loss,0.22358911771040696
epoch:,9,vrand:,0.9305493751186642,vinfo:,0.9699325252690137,loss,0.21417034245454347
epoch:,10,vrand:,0.9379438256435989,vinfo:,0.9710149964299488,loss,0.20768564251753
epoch:,11,vrand:,0.9687652635163078,vinfo:,0.9818968898919795,loss,0.19954877174817598
epoch:,12,vrand:,0.9414252034615318,vinfo:,0.9747550988411126,loss,0.1897761088151198
epoch:,13,vrand:,0.9372998125783738,vinfo:,0.9745315874452778,loss,0.18465730662529284
epoch:,14,vrand:,0.9251138598123537,vinfo:,0.9710800751539883,loss,0.17769878529585326
epoch:,15,vrand:,0.9574462152953057,vinfo:,0.9783223024560064,loss,0.17417761110342467
epoch:,16,vrand:,0.9172792607957634,vinfo:,0.973096453507555,loss,0.16429518507077143
epoch:,17,vrand:,0.9610731661745724,vinfo:,0.9790078429844851,loss,0.15809685221085182
epoch:,18,vrand:,0.9293560768650553,vinfo:,0.9752119979979088,loss,0.1541974269426786
epoch:,19,vrand:,0.904511857323404,vinfo:,0.9681797968191692,loss,0.15501952056701368
epoch:,20,vrand:,0.8361335955746803,vinfo:,0.9552953812047169,loss,0.15450581564353064
epoch:,21,vrand:,0.8729423825373376,vinfo:,0.9650946596139311,loss,0.15290086315228388
epoch:,22,vrand:,0.8490470757737161,vinfo:,0.9586268695100362,loss,0.1533230611911187
epoch:,23,vrand:,0.904355461117009,vinfo:,0.9666585665062225,loss,0.14853308292535636
epoch:,24,vrand:,0.9460568762198831,vinfo:,0.9728924572648315,loss,0.14178388852339524
epoch:,25,vrand:,0.9184421642411978,vinfo:,0.9729860417500988,loss,0.1397882172694573
epoch:,26,vrand:,0.920607358177261,vinfo:,0.9747154653706456,loss,0.13675404340028763
epoch:,27,vrand:,0.9122645777945578,vinfo:,0.9732496580441719,loss,0.13185908244206354
epoch:,28,vrand:,0.915659195911938,vinfo:,0.9720740591508727,loss,0.12800998183397147
epoch:,29,vrand:,0.9651799237895841,vinfo:,0.9788171757319878,loss,0.1274266896339563
epoch:,30,vrand:,0.9192688894314148,vinfo:,0.975824445060223,loss,0.12729196078502214
epoch:,31,vrand:,0.9595981120183834,vinfo:,0.9802623366983767,loss,0.1255567308801871
epoch:,32,vrand:,0.9081961092225713,vinfo:,0.9702718359574571,loss,0.11791573636806928
epoch:,33,vrand:,0.8251342748191736,vinfo:,0.9546979662665315,loss,0.11628274161082047
epoch:,34,vrand:,0.8847713353754477,vinfo:,0.9622479759548288,loss,0.11491101464399925
epoch:,35,vrand:,0.9076928062078476,vinfo:,0.9703366133244863,loss,0.11310693850884071
epoch:,36,vrand:,0.952935224653708,vinfo:,0.9787216703461814,loss,0.11247244878457142
epoch:,37,vrand:,0.9531893795733624,vinfo:,0.9777417757594578,loss,0.10859659371467736
epoch:,38,vrand:,0.9416162917233443,vinfo:,0.9731846050427315,loss,0.10531437225066699
epoch:,39,vrand:,0.8036435790985781,vinfo:,0.9427433543110851,loss,0.10287241752331074
epoch:,40,vrand:,0.8899298927550869,vinfo:,0.968868775517272,loss,0.10464032338215755
epoch:,41,vrand:,0.948440140505436,vinfo:,0.9777740711447057,loss,0.11008934504710711
epoch:,42,vrand:,0.9618403314550654,vinfo:,0.9784549128111306,loss,0.11065960159668556
epoch:,43,vrand:,0.902419006513177,vinfo:,0.9679768256692383,loss,0.10337509730687508
epoch:,44,vrand:,0.9059230805537318,vinfo:,0.9655773632990844,loss,0.10246981393832427
epoch:,45,vrand:,0.9575712658679147,vinfo:,0.9762421701499617,loss,0.10062306374311447
epoch:,46,vrand:,0.897882367499957,vinfo:,0.9653607634953513,loss,0.10710014861363631
epoch:,47,vrand:,0.9063174100828834,vinfo:,0.967427615711208,loss,0.11852045643788117
epoch:,48,vrand:,0.8810628437957433,vinfo:,0.9643482681333735,loss,0.11629671087631813
epoch:,49,vrand:,0.825412611075072,vinfo:,0.9553686442204506,loss,0.1187878274000608
batch_size,2,n_epoch,60,learning rate,0.001
epoch:,0,vrand:,0.7204796419486513,vinfo:,0.9101841315746746,loss,0.5303441033913538
epoch:,1,vrand:,0.9177165703969031,vinfo:,0.9610756619280421,loss,0.40756011467713577
epoch:,2,vrand:,0.9277389583380374,vinfo:,0.9648385578475199,loss,0.357529138143246
epoch:,3,vrand:,0.9200080592243918,vinfo:,0.96577685415036,loss,0.32010696025995106
epoch:,4,vrand:,0.9016610658998487,vinfo:,0.9660070186384665,loss,0.2979402289940761
epoch:,5,vrand:,0.9437875468864876,vinfo:,0.9730659229105878,loss,0.271618120945417
epoch:,6,vrand:,0.9069948759906673,vinfo:,0.9706568423645809,loss,0.25580213505488175
epoch:,7,vrand:,0.9386337391633932,vinfo:,0.9699051223573238,loss,0.2452103507060271
epoch:,8,vrand:,0.9004469409252611,vinfo:,0.9658552712449447,loss,0.23800891293929174
epoch:,9,vrand:,0.9449389983411398,vinfo:,0.9753889559803905,loss,0.22557782439085153
epoch:,10,vrand:,0.9363454668790983,vinfo:,0.9740427792980446,loss,0.21364849003461692
epoch:,11,vrand:,0.8948482108736707,vinfo:,0.9700659116803785,loss,0.19965017185761377
epoch:,12,vrand:,0.9165165524162109,vinfo:,0.9702497123579507,loss,0.18820202809113723
epoch:,13,vrand:,0.9219518831463127,vinfo:,0.973791369813001,loss,0.18356928917077872
epoch:,14,vrand:,0.9281273602902778,vinfo:,0.9752853283721816,loss,0.17676371106734642
epoch:,15,vrand:,0.9359544416060863,vinfo:,0.9727810633386703,loss,0.17398092265312487
epoch:,16,vrand:,0.9032960133052272,vinfo:,0.967322750259434,loss,0.17241925115768725
epoch:,17,vrand:,0.808575324245681,vinfo:,0.9499179622425054,loss,0.16769650349250206
epoch:,18,vrand:,0.8640717771917167,vinfo:,0.9582202069588813,loss,0.16649268452937788
epoch:,19,vrand:,0.8611703316552834,vinfo:,0.9586986408158549,loss,0.163676836169683
epoch:,20,vrand:,0.8727533379479334,vinfo:,0.9655811085259941,loss,0.17296149753607237
epoch:,21,vrand:,0.9568765417845911,vinfo:,0.9769982007053983,loss,0.16560925657932574
epoch:,22,vrand:,0.8706918626381359,vinfo:,0.9627763890888487,loss,0.15555331454827234
epoch:,23,vrand:,0.9564119509486732,vinfo:,0.9770145922518466,loss,0.14669525967194483
epoch:,24,vrand:,0.9505136618467256,vinfo:,0.9749865894811458,loss,0.14066346104328448
epoch:,25,vrand:,0.9390759673794526,vinfo:,0.9744022463017341,loss,0.13822288868518975
epoch:,26,vrand:,0.9409279065010054,vinfo:,0.9773805861041127,loss,0.13612472208646628
epoch:,27,vrand:,0.9447944311012225,vinfo:,0.9780481357768277,loss,0.13416245063910118
epoch:,28,vrand:,0.9757109085361548,vinfo:,0.9822079018199638,loss,0.1345856825892742
epoch:,29,vrand:,0.923650989139093,vinfo:,0.9688721793937898,loss,0.13335240116486183
epoch:,30,vrand:,0.9144437969697765,vinfo:,0.9682991668628015,loss,0.1338890790939331
epoch:,31,vrand:,0.9434518266863762,vinfo:,0.9767062090005579,loss,0.1322198395545666
epoch:,32,vrand:,0.9299984829745723,vinfo:,0.9731662852892432,loss,0.1255322310786981
epoch:,33,vrand:,0.9176140292619749,vinfo:,0.9704514619580186,loss,0.12257857506091778
epoch:,34,vrand:,0.936782162053723,vinfo:,0.9758201367509669,loss,0.12040405835096653
epoch:,35,vrand:,0.9319314890125436,vinfo:,0.9726276783636733,loss,0.11738852296884243
epoch:,36,vrand:,0.8796033600761908,vinfo:,0.9567313130180513,loss,0.11359322529572707
epoch:,37,vrand:,0.9084377367020734,vinfo:,0.9666471816936222,loss,0.11369106230827478
epoch:,38,vrand:,0.9167315784002292,vinfo:,0.9690787382714546,loss,0.11478675042207424
epoch:,39,vrand:,0.9416830368220565,vinfo:,0.9762679296850271,loss,0.11285032446567829
epoch:,40,vrand:,0.9281988503742153,vinfo:,0.9737749040885799,loss,0.11125625096834622
epoch:,41,vrand:,0.916789509267141,vinfo:,0.9699442976449955,loss,0.1108995435329584
epoch:,42,vrand:,0.8927105652721371,vinfo:,0.9598787822870379,loss,0.10864181415392803
epoch:,43,vrand:,0.9323270707002997,vinfo:,0.9704254918228473,loss,0.10892029221241291
epoch:,44,vrand:,0.9534588736235889,vinfo:,0.9765639264722905,loss,0.1065819521362965
epoch:,45,vrand:,0.917098270807544,vinfo:,0.9670290602370362,loss,0.10321769920679238
epoch:,46,vrand:,0.8514355955460836,vinfo:,0.9597207461076289,loss,0.10547489042465504
epoch:,47,vrand:,0.7919728793065792,vinfo:,0.9437312062457099,loss,0.11212473591932884
epoch:,48,vrand:,0.8748551473418793,vinfo:,0.9605471118206783,loss,0.1254694341466977
epoch:,49,vrand:,0.938332769808491,vinfo:,0.9741001028740701,loss,0.12891923521573728
epoch:,50,vrand:,0.8971922830540862,vinfo:,0.964540885458398,loss,0.1256626105079284
epoch:,51,vrand:,0.9412510714389596,vinfo:,0.9748344432776666,loss,0.1230922255378503
epoch:,52,vrand:,0.9221429375288357,vinfo:,0.970042509564226,loss,0.1070226660141578
epoch:,53,vrand:,0.9523137039990509,vinfo:,0.9750811525215755,loss,0.09222392508616814
epoch:,54,vrand:,0.9340344987238092,vinfo:,0.9717527119630816,loss,0.08673323060457523
epoch:,55,vrand:,0.920481321528533,vinfo:,0.9713532097635766,loss,0.08615176322368476
epoch:,56,vrand:,0.9290416956390342,vinfo:,0.9693004063649981,loss,0.08742872568277213
epoch:,57,vrand:,0.8384548999104778,vinfo:,0.9506946322378536,loss,0.09614230864323102
epoch:,58,vrand:,0.9325650228461105,vinfo:,0.9734013523477358,loss,0.09779530133192356
epoch:,59,vrand:,0.9298965388549496,vinfo:,0.9725002794041082,loss,0.0925744496859037
batch_size,2,n_epoch,60,learning rate,0.002
epoch:,0,vrand:,0.7626077098137132,vinfo:,0.9127515664534369,loss,0.5371269285678864
epoch:,1,vrand:,0.668568623422027,vinfo:,0.9105854969127899,loss,0.4245244081203754
epoch:,2,vrand:,0.7871030877084214,vinfo:,0.9374812997070927,loss,0.3666250522320087
epoch:,3,vrand:,0.8039784383159793,vinfo:,0.9405841408237968,loss,0.3198369810214409
epoch:,4,vrand:,0.8009034601977847,vinfo:,0.9461018256013318,loss,0.28403785137029797
epoch:,5,vrand:,0.8712848839296189,vinfo:,0.9599323611065425,loss,0.2575635268138005
epoch:,6,vrand:,0.8746380365340031,vinfo:,0.9618243048119484,loss,0.2351919664786412
epoch:,7,vrand:,0.9086856946977007,vinfo:,0.9652984311075755,loss,0.21891972651848426
epoch:,8,vrand:,0.8257773204845638,vinfo:,0.952070150829973,loss,0.21011232756651366
epoch:,9,vrand:,0.8629400835535816,vinfo:,0.9587948545989228,loss,0.2032552842910473
epoch:,10,vrand:,0.8098582015523634,vinfo:,0.9547449888599943,loss,0.19998526458556837
epoch:,11,vrand:,0.8937671509892885,vinfo:,0.9665810104792438,loss,0.19284690801913923
epoch:,12,vrand:,0.9227015658400403,vinfo:,0.9703246034318844,loss,0.1871043317593061
epoch:,13,vrand:,0.9071770577385168,vinfo:,0.9658509823015651,loss,0.18608082028535697
epoch:,14,vrand:,0.9227876470482981,vinfo:,0.9712145629262207,loss,0.17986539006233215
epoch:,15,vrand:,0.9512981485985689,vinfo:,0.9768034794624603,loss,0.17204003150646502
epoch:,16,vrand:,0.923761148057155,vinfo:,0.9706828818895342,loss,0.17112735028450304
epoch:,17,vrand:,0.9059069838026689,vinfo:,0.9675072886616588,loss,0.16714220207471114
epoch:,18,vrand:,0.9141845117019909,vinfo:,0.9715278921410434,loss,0.16724574795136085
epoch:,19,vrand:,0.9188581512510788,vinfo:,0.9729379293826176,loss,0.17136843846394464
epoch:,20,vrand:,0.8447711149380348,vinfo:,0.956369289916924,loss,0.16867811748614678
epoch:,21,vrand:,0.8565286086334793,vinfo:,0.9618612630697335,loss,0.16698939525164092
epoch:,22,vrand:,0.8139311262104163,vinfo:,0.9552283693436234,loss,0.16136518120765686
epoch:,23,vrand:,0.8576303545439531,vinfo:,0.9614097393880823,loss,0.1595836625649379
epoch:,24,vrand:,0.860294353186928,vinfo:,0.9635798166825487,loss,0.1559495318394441
epoch:,25,vrand:,0.8988372558787692,vinfo:,0.9694901933599633,loss,0.15075695858551905
epoch:,26,vrand:,0.9134940033901804,vinfo:,0.9709645464589214,loss,0.14695444817726427
epoch:,27,vrand:,0.9236870449329816,vinfo:,0.9732723742696988,loss,0.14509448752953455
epoch:,28,vrand:,0.885432397737404,vinfo:,0.966321006124209,loss,0.14049460337712213
epoch:,29,vrand:,0.9062173352557379,vinfo:,0.9670607996245163,loss,0.13841519963282806
epoch:,30,vrand:,0.7640620501667572,vinfo:,0.9435810994058113,loss,0.13536531306230104
epoch:,31,vrand:,0.6761915984708212,vinfo:,0.9223237562074956,loss,0.13434086052271035
epoch:,32,vrand:,0.713262085666199,vinfo:,0.9292835143542992,loss,0.1347067917768772
epoch:,33,vrand:,0.8946818463708789,vinfo:,0.9612798374320628,loss,0.1372118489100383
epoch:,34,vrand:,0.8648519304956157,vinfo:,0.9565927772052246,loss,0.13688442913385537
epoch:,35,vrand:,0.8714073504645918,vinfo:,0.9592248621821519,loss,0.13338686697758162
epoch:,36,vrand:,0.765416267404655,vinfo:,0.9385195926612864,loss,0.13057622370811608
epoch:,37,vrand:,0.8131733943915499,vinfo:,0.9511599301344502,loss,0.1292087435722351
epoch:,38,vrand:,0.8892954778861377,vinfo:,0.9625994324255664,loss,0.12921160860703543
epoch:,39,vrand:,0.8802615029801906,vinfo:,0.9671530088569587,loss,0.12665347296458024
epoch:,40,vrand:,0.9558060788826521,vinfo:,0.9757016575326893,loss,0.1230155688065749
epoch:,41,vrand:,0.944960382800172,vinfo:,0.9760624513167493,loss,0.12244645907328679
epoch:,42,vrand:,0.9551186124016768,vinfo:,0.978299111128688,loss,0.12189891647834045
epoch:,43,vrand:,0.9500409886408864,vinfo:,0.9775291796695743,loss,0.12340026062268478
epoch:,44,vrand:,0.9822584219499413,vinfo:,0.9837462114254787,loss,0.128463191481737
epoch:,45,vrand:,0.9332761446112748,vinfo:,0.9715758247955002,loss,0.1308437201839227
epoch:,46,vrand:,0.7524520009987417,vinfo:,0.9443959124342669,loss,0.1262447054569538
epoch:,47,vrand:,0.7239725800622019,vinfo:,0.9316644256970352,loss,0.12175086255256946
epoch:,48,vrand:,0.7778648601100304,vinfo:,0.9400298649745036,loss,0.11887364261425458
epoch:,49,vrand:,0.9021005917051712,vinfo:,0.967169526970728,loss,0.11720906427273384
epoch:,50,vrand:,0.9302559105774767,vinfo:,0.9722646588661567,loss,0.11391505828270546
epoch:,51,vrand:,0.8796185870863678,vinfo:,0.966677090446152,loss,0.11051594867156102
epoch:,52,vrand:,0.8343761590278655,vinfo:,0.9588954124201166,loss,0.11144342846595325
epoch:,53,vrand:,0.7528984136022017,vinfo:,0.9384361044245952,loss,0.1122465981886937
epoch:,54,vrand:,0.9094270193608013,vinfo:,0.9649275926560096,loss,0.114115042755237
epoch:,55,vrand:,0.8048852920240541,vinfo:,0.9490452785565628,loss,0.11248350429993409
epoch:,56,vrand:,0.8861100996255828,vinfo:,0.9622946009906798,loss,0.11639582996185009
epoch:,57,vrand:,0.904421367060315,vinfo:,0.9715157013338074,loss,0.12280500393647414
epoch:,58,vrand:,0.8961925291439277,vinfo:,0.964436471235595,loss,0.12454594213228959
epoch:,59,vrand:,0.8936174142011195,vinfo:,0.9673624287842747,loss,0.12865610649952522
batch_size,2,n_epoch,60,learning rate,0.003
epoch:,0,vrand:,0.7030945688061047,vinfo:,0.9200776527694854,loss,0.5612473923426408
epoch:,1,vrand:,0.6058834175067771,vinfo:,0.8941263552886802,loss,0.42179484092272246
epoch:,2,vrand:,0.5602359795098859,vinfo:,0.8815562160215722,loss,0.3569837029163654
epoch:,3,vrand:,0.6512827677184383,vinfo:,0.9100392234915449,loss,0.3129489788642296
epoch:,4,vrand:,0.693674899348912,vinfo:,0.9191105025623341,loss,0.2779394961320437
epoch:,5,vrand:,0.8715177666296569,vinfo:,0.9519129166299616,loss,0.24812645522447732
epoch:,6,vrand:,0.8076981103514781,vinfo:,0.9410365969976004,loss,0.2348355880150428
epoch:,7,vrand:,0.8304442842908843,vinfo:,0.9457050053103938,loss,0.22189986132658446
epoch:,8,vrand:,0.8407365966492465,vinfo:,0.9498771190110993,loss,0.21769109597572914
epoch:,9,vrand:,0.8694796921657831,vinfo:,0.9588842022881877,loss,0.21045086360894716
epoch:,10,vrand:,0.7493103010597569,vinfo:,0.9363660929371523,loss,0.20562860598930946
epoch:,11,vrand:,0.7884368193484657,vinfo:,0.9474662959285585,loss,0.1982576228105105
epoch:,12,vrand:,0.7876971964995645,vinfo:,0.9464019279083719,loss,0.19308335276750418
epoch:,13,vrand:,0.8956868259803002,vinfo:,0.9645184788024761,loss,0.19032782774705154
epoch:,14,vrand:,0.9454436894237872,vinfo:,0.9730816582420605,loss,0.18496054296310133
epoch:,15,vrand:,0.9603014950024201,vinfo:,0.978615184624509,loss,0.1830550695841129
epoch:,16,vrand:,0.90360301605238,vinfo:,0.964109059802167,loss,0.17866204449763665
epoch:,17,vrand:,0.883619713796168,vinfo:,0.9618109932157214,loss,0.17200636978332812
epoch:,18,vrand:,0.8108636539707064,vinfo:,0.9494031703765323,loss,0.17375135536377245
epoch:,19,vrand:,0.8765883229107111,vinfo:,0.9599981104663218,loss,0.16998871129292709
epoch:,20,vrand:,0.7482978030337787,vinfo:,0.9359226279685723,loss,0.174914423089761
epoch:,21,vrand:,0.782184692388006,vinfo:,0.9393755230667464,loss,0.1776657127417051
epoch:,22,vrand:,0.8837439527330242,vinfo:,0.9618126740441246,loss,0.16495027106541854
epoch:,23,vrand:,0.886761184993707,vinfo:,0.9626830035130928,loss,0.1577979475259781
epoch:,24,vrand:,0.8325634823451997,vinfo:,0.9545396882349951,loss,0.15247777219002062
epoch:,25,vrand:,0.8397657587555992,vinfo:,0.9500612627077052,loss,0.1482175473983471
epoch:,26,vrand:,0.8071193787463041,vinfo:,0.9449570129940963,loss,0.14453751421891725
epoch:,27,vrand:,0.8975479449909605,vinfo:,0.9670373303761128,loss,0.14541257115510794
epoch:,28,vrand:,0.8605373304304053,vinfo:,0.9606543211594089,loss,0.14818889246537134
epoch:,29,vrand:,0.9487689593874382,vinfo:,0.9750653732578872,loss,0.1472412095620082
epoch:,30,vrand:,0.946407875864659,vinfo:,0.9768383448703355,loss,0.1478318480344919
epoch:,31,vrand:,0.973123480295342,vinfo:,0.9819149886479405,loss,0.14312687516212463
epoch:,32,vrand:,0.9620962510844171,vinfo:,0.9790119060401071,loss,0.14498766167805746
epoch:,33,vrand:,0.9426459655183468,vinfo:,0.9776112511844778,loss,0.14483318477869034
epoch:,34,vrand:,0.9719926063665897,vinfo:,0.9807422441705114,loss,0.1436186536000325
epoch:,35,vrand:,0.9560040001982351,vinfo:,0.9767107342024014,loss,0.144808455155446
epoch:,36,vrand:,0.9554930771305138,vinfo:,0.9771259769604738,loss,0.14295599781549895
epoch:,37,vrand:,0.7914809176703524,vinfo:,0.949250511423303,loss,0.14366443913716537
epoch:,38,vrand:,0.7605873239409873,vinfo:,0.9426944569762871,loss,0.14344328183394212
epoch:,39,vrand:,0.8832262001479545,vinfo:,0.9642810409664435,loss,0.1379022220006356
epoch:,40,vrand:,0.7798233712395242,vinfo:,0.9408863005173383,loss,0.1300266104248854
epoch:,41,vrand:,0.8299128624818117,vinfo:,0.9560924164053208,loss,0.12538950489117548
epoch:,42,vrand:,0.867597233135964,vinfo:,0.9629314648999815,loss,0.12510554893658712
epoch:,43,vrand:,0.9101290737730066,vinfo:,0.9724598936936328,loss,0.12635874576293504
epoch:,44,vrand:,0.93398400745927,vinfo:,0.9749211290329398,loss,0.12711818974751693
epoch:,45,vrand:,0.9611812245605268,vinfo:,0.9789502776154319,loss,0.1288312513094682
epoch:,46,vrand:,0.8695862197418277,vinfo:,0.9617593944206477,loss,0.12455921677442697
epoch:,47,vrand:,0.8655674941080906,vinfo:,0.9564899078881771,loss,0.11916855493417153
epoch:,48,vrand:,0.8356512814915465,vinfo:,0.9563128433041224,loss,0.11923480549683937
epoch:,49,vrand:,0.9124731190205397,vinfo:,0.9739860348945522,loss,0.11649166448758198
epoch:,50,vrand:,0.9634666252447293,vinfo:,0.9817811444786975,loss,0.11449829030495423
epoch:,51,vrand:,0.8815505004332994,vinfo:,0.9674213358944017,loss,0.11280713860805218
epoch:,52,vrand:,0.8799195500216472,vinfo:,0.9629971239248329,loss,0.11179569994027798
epoch:,53,vrand:,0.8872359236537551,vinfo:,0.9641071950177595,loss,0.11135435906740335
epoch:,54,vrand:,0.908662832209284,vinfo:,0.970352736343447,loss,0.1077068499647654
epoch:,55,vrand:,0.949363316133365,vinfo:,0.9779142448622645,loss,0.1098655708707296
epoch:,56,vrand:,0.8799709191603657,vinfo:,0.9648422467974154,loss,0.10630339556015454
epoch:,57,vrand:,0.8546962132680195,vinfo:,0.9553934705180053,loss,0.10357396189983074
epoch:,58,vrand:,0.8514018637415365,vinfo:,0.9568168598731184,loss,0.098744426209193
epoch:,59,vrand:,0.8672375237217826,vinfo:,0.9627088603426689,loss,0.09577694764504066
batch_size,2,n_epoch,60,learning rate,0.0012
epoch:,0,vrand:,0.7344521662731077,vinfo:,0.9129232237948894,loss,0.5257082077173086
epoch:,1,vrand:,0.7890435701875756,vinfo:,0.9431867847428576,loss,0.41289971424983096
epoch:,2,vrand:,0.9088403148221736,vinfo:,0.9632150730770297,loss,0.35752721474720883
epoch:,3,vrand:,0.8895260826414948,vinfo:,0.9635019308680619,loss,0.31963446507087123
epoch:,4,vrand:,0.9334958465825862,vinfo:,0.9704184285809566,loss,0.28659356328157276
epoch:,5,vrand:,0.877267816884484,vinfo:,0.9601808916787089,loss,0.26329771830485416
epoch:,6,vrand:,0.9621644894048265,vinfo:,0.9744263262858187,loss,0.24697903027901283
epoch:,7,vrand:,0.9429188309983758,vinfo:,0.9726340522110222,loss,0.2325118906222857
epoch:,8,vrand:,0.9464168480027443,vinfo:,0.9734859913542305,loss,0.22181461636836713
epoch:,9,vrand:,0.9204778505419142,vinfo:,0.9683266105787995,loss,0.2136873843578192
epoch:,10,vrand:,0.9367122978277148,vinfo:,0.9732336140015432,loss,0.20777998979275042
epoch:,11,vrand:,0.9450169807374893,vinfo:,0.9746455223818173,loss,0.19993810470287615
epoch:,12,vrand:,0.942709174247914,vinfo:,0.9734192704495312,loss,0.19239151248565087
epoch:,13,vrand:,0.945149681851918,vinfo:,0.9759028792724896,loss,0.18395998959357923
epoch:,14,vrand:,0.8780307731628578,vinfo:,0.9660083996113918,loss,0.1839408060679069
epoch:,15,vrand:,0.9549707698709625,vinfo:,0.9776625260000639,loss,0.17676949386413282
epoch:,16,vrand:,0.8867022894770414,vinfo:,0.9663227204014738,loss,0.16973418226608863
epoch:,17,vrand:,0.8849165495040887,vinfo:,0.9650857129016381,loss,0.1641932061085334
epoch:,18,vrand:,0.8538419750477825,vinfo:,0.9594600822927033,loss,0.16045243121110475
epoch:,19,vrand:,0.8140177109623872,vinfo:,0.9505277155815012,loss,0.1592859923839569
epoch:,20,vrand:,0.8804766917343138,vinfo:,0.9585343384147011,loss,0.16194233412926012
epoch:,21,vrand:,0.8150129241694456,vinfo:,0.9481119445401129,loss,0.16062993957446173
epoch:,22,vrand:,0.8471619813718053,vinfo:,0.9556688236497642,loss,0.1559795427780885
epoch:,23,vrand:,0.861634633558704,vinfo:,0.964527650853093,loss,0.15066112577915192
epoch:,24,vrand:,0.8591029538871318,vinfo:,0.9643031213147342,loss,0.1459568693087651
epoch:,25,vrand:,0.864604454042808,vinfo:,0.9658382176330935,loss,0.1451584673844851
epoch:,26,vrand:,0.9302766178621044,vinfo:,0.9757863875999986,loss,0.14075935918551225
epoch:,27,vrand:,0.9086353020323739,vinfo:,0.9719893983299015,loss,0.13577066992337888
epoch:,28,vrand:,0.9571266560917921,vinfo:,0.9768122670529447,loss,0.13245061613046205
epoch:,29,vrand:,0.9299993307057746,vinfo:,0.9747240367897432,loss,0.1309073819563939
epoch:,30,vrand:,0.9369041813722141,vinfo:,0.9769254519355712,loss,0.130612996335213
epoch:,31,vrand:,0.804817597678334,vinfo:,0.9478126321111009,loss,0.13040685137877098
epoch:,32,vrand:,0.7851777044094705,vinfo:,0.9382367732853417,loss,0.1330524614224067
epoch:,33,vrand:,0.9032638917058039,vinfo:,0.970773565543434,loss,0.13522103543464953
epoch:,34,vrand:,0.9347324455196231,vinfo:,0.975784392443735,loss,0.12896900853285423
epoch:,35,vrand:,0.9477477048175764,vinfo:,0.976030513618066,loss,0.122155100107193
epoch:,36,vrand:,0.8853259985421511,vinfo:,0.9681528833203463,loss,0.11838702914806512
epoch:,37,vrand:,0.8783311362713307,vinfo:,0.9649643669373356,loss,0.11568378198605317
epoch:,38,vrand:,0.8613992584840325,vinfo:,0.9582514355691135,loss,0.11528247422896899
epoch:,39,vrand:,0.8304421104901083,vinfo:,0.9508144138556949,loss,0.11231868828718479
epoch:,40,vrand:,0.8801357485253305,vinfo:,0.9662749450050067,loss,0.11566109840686505
epoch:,41,vrand:,0.8745392757090176,vinfo:,0.9630846391745969,loss,0.11422836379362987
epoch:,42,vrand:,0.8804886488058672,vinfo:,0.9664639779782787,loss,0.11169902636454655
epoch:,43,vrand:,0.8741673319067755,vinfo:,0.9663286132043266,loss,0.1124521201619735
epoch:,44,vrand:,0.8480877214976219,vinfo:,0.9548175224659585,loss,0.10900234774901317
epoch:,45,vrand:,0.8578716182947599,vinfo:,0.9557892569090793,loss,0.1050673769070552
epoch:,46,vrand:,0.8438677537867669,vinfo:,0.9537395930270648,loss,0.1087114134660134
epoch:,47,vrand:,0.8812586527828993,vinfo:,0.9627106214438321,loss,0.11102486974917926
epoch:,48,vrand:,0.8601743916531612,vinfo:,0.9633901690774854,loss,0.11715925542207864
epoch:,49,vrand:,0.8656804839601027,vinfo:,0.9648702845032874,loss,0.12714347014060387
epoch:,50,vrand:,0.835343585970889,vinfo:,0.9595449987611865,loss,0.12810942759880653
epoch:,51,vrand:,0.8030453874921182,vinfo:,0.949253156156342,loss,0.12492507524215259
epoch:,52,vrand:,0.8112206321136617,vinfo:,0.9484091380553107,loss,0.1206805041203132
epoch:,53,vrand:,0.8700758659863915,vinfo:,0.9620310643144039,loss,0.10442622693685386
epoch:,54,vrand:,0.8996376564470377,vinfo:,0.9708279713110872,loss,0.09526757724010028
epoch:,55,vrand:,0.8962069375049018,vinfo:,0.9705118626000087,loss,0.0915452316403389
epoch:,56,vrand:,0.8523112921164324,vinfo:,0.9564522338622586,loss,0.08941290412957852
epoch:,57,vrand:,0.8538132544254919,vinfo:,0.9549798140311367,loss,0.09014515349498162
epoch:,58,vrand:,0.8856032089037132,vinfo:,0.9670789956813021,loss,0.09353385865688324
epoch:,59,vrand:,0.8459830664024688,vinfo:,0.9551130686969351,loss,0.09656998572441247